"date","user","type","executed","runTime","remarks"
"2016-06-30 23:34","PONG-PC","function","MultiFileBind",9.05801701545715,"Merged Year2013-2016"
"2016-06-30 23:34","PONG-PC","function","LoadAirHour",9.06102895736694,"Loaded2013-2016"
"2016-06-30 23:34","PONG-PC","function","LoadAQHI",0.947632074356079,"Loaded2013-2016"
"2016-06-30 23:34","PONG-PC","source","default.R",27.0560300350189,NA
"2016-06-30 23:39","PONG-PC","function","MultiFileBind",9.95585989952087,"Merged Year2013-2016"
"2016-06-30 23:39","PONG-PC","function","LoadAirHour",9.95985293388367,"Loaded2013-2016"
"2016-06-30 23:39","PONG-PC","function","LoadAQHI",1.04370403289795,"Loaded2013-2016"
"2016-06-30 23:39","PONG-PC","source","default.R",29.2557291984558,NA
"2016-06-30 23:39","PONG-PC","function","MultiFileBind",13.7411730289459,"Merged Year2013-2016"
"2016-06-30 23:39","PONG-PC","function","LoadAirHour",13.7481780052185,"Loaded2013-2016"
"2016-06-30 23:39","PONG-PC","function","LoadAQHI",1.89426493644714,"Loaded2013-2016"
"2016-06-30 23:40","PONG-PC","source","default.R",41.4346580505371,NA
"2016-06-30 23:40","PONG-PC","function","MultiFileBind",12.0490429401398,"Merged Year2013-2016"
"2016-06-30 23:40","PONG-PC","function","LoadAirHour",12.056046962738,"Loaded2013-2016"
"2016-06-30 23:40","PONG-PC","function","LoadAQHI",1.25785207748413,"Loaded2013-2016"
"2016-06-30 23:40","PONG-PC","source","default.R",35.7263660430908,NA
"2016-06-30 23:41","PONG-PC","function","MultiFileBind",13.4409821033478,"Merged Year2013-2016"
"2016-06-30 23:41","PONG-PC","function","LoadAirHour",13.4469859600067,"Loaded2013-2016"
"2016-06-30 23:41","PONG-PC","function","LoadAQHI",1.22580909729004,"Loaded2013-2016"
"2016-06-30 23:41","PONG-PC","source","default.R",37.3159070014954,NA
"2016-06-30 23:45","PONG-PC","function","MultiFileBind",12.0490539073944,"Merged Year2013-2016"
"2016-06-30 23:45","PONG-PC","function","LoadAirHour",12.0560579299927,"Loaded2013-2016"
"2016-06-30 23:45","PONG-PC","function","LoadAQHI",1.25982999801636,"Loaded2013-2016"
"2016-06-30 23:45","PONG-PC","source","default.R",43.3551030158997,NA
"2016-06-30 23:56","PONG-PC","function","MultiFileBind",14.5617179870605,"Merged Year2013-2016"
"2016-06-30 23:56","PONG-PC","function","LoadAirHour",14.5687131881714,"Loaded2013-2016"
"2016-06-30 23:56","PONG-PC","function","LoadAQHI",1.1337571144104,"Loaded2013-2016"
"2016-06-30 23:57","PONG-PC","source","default.R",41.2066512107849,NA
"2016-07-01 00:08","PONG-PC","function","MultiFileBind",14.2215349674225,"Merged Year2013-2016"
"2016-07-01 00:08","PONG-PC","function","LoadAirHour",14.2215349674225,"Loaded2013-2016"
"2016-07-01 00:08","PONG-PC","function","LoadAQHI",1.07663202285767,"Loaded2013-2016"
"2016-07-01 00:08","PONG-PC","source","default.R",39.9643929004669,NA
"2016-07-01 00:09","PONG-PC","function","MultiFileBind",9.6303379535675,"Merged Year2013-2016"
"2016-07-01 00:09","PONG-PC","function","LoadAirHour",9.64594602584839,"Loaded2013-2016"
"2016-07-01 00:09","PONG-PC","function","LoadAQHI",0.973599195480347,"Loaded2013-2016"
"2016-07-01 00:09","PONG-PC","source","default.R",28.6706299781799,NA
"2016-07-01 00:09","PONG-PC","function","MultiFileBind",9.43667578697205,"Merged Year2013-2016"
"2016-07-01 00:09","PONG-PC","function","LoadAirHour",9.45228791236877,"Loaded2013-2016"
"2016-07-01 00:09","PONG-PC","function","LoadAQHI",1.17272710800171,"Loaded2013-2016"
"2016-07-01 00:10","PONG-PC","source","default.R",29.2884919643402,NA
"2016-07-01 00:10","PONG-PC","function","MultiFileBind",9.08984398841858,"Merged Year2013-2016"
"2016-07-01 00:10","PONG-PC","function","LoadAirHour",9.10546803474426,"Loaded2013-2016"
"2016-07-01 00:10","PONG-PC","function","LoadAQHI",1.02369785308838,"Loaded2013-2016"
"2016-07-01 00:10","PONG-PC","source","default.R",27.1973571777344,NA
"2016-07-01 00:11","PONG-PC","function","MultiFileBind",8.98162817955017,"Merged Year2013-2016"
"2016-07-01 00:11","PONG-PC","function","LoadAirHour",8.98162817955017,"Loaded2013-2016"
"2016-07-01 00:11","PONG-PC","function","LoadAQHI",0.976850032806396,"Loaded2013-2016"
"2016-07-01 00:11","PONG-PC","source","default.R",27.5637300014496,NA
"2016-07-01 00:11","PONG-PC","function","MultiFileBind",10.1637048721313,"Merged Year2013-2016"
"2016-07-01 00:11","PONG-PC","function","LoadAirHour",10.1793308258057,"Loaded2013-2016"
"2016-07-01 00:11","PONG-PC","function","LoadAQHI",0.914338111877441,"Loaded2013-2016"
"2016-07-01 00:11","PONG-PC","source","default.R",29.1554069519043,NA
"2016-07-01 00:12","PONG-PC","function","MultiFileBind",10.5975391864777,"Merged Year2013-2016"
"2016-07-01 00:12","PONG-PC","function","LoadAirHour",10.5975391864777,"Loaded2013-2016"
"2016-07-01 00:12","PONG-PC","function","LoadAQHI",0.930985927581787,"Loaded2013-2016"
"2016-07-01 00:12","PONG-PC","source","default.R",29.1927561759949,NA
"2016-07-01 00:12","PONG-PC","function","MultiFileBind",9.88699507713318,"Merged Year2013-2016"
"2016-07-01 00:12","PONG-PC","function","LoadAirHour",9.90262794494629,"Loaded2013-2016"
"2016-07-01 00:12","PONG-PC","function","LoadAQHI",1.14652895927429,"Loaded2013-2016"
"2016-07-01 00:12","PONG-PC","source","default.R",28.5123980045319,NA
"2016-07-04 10:11","POAS31-RT33","function","MultiFileBind",11.7608289718628,"Merged Year2013-2016"
"2016-07-04 10:11","POAS31-RT33","function","LoadAirHour",11.7964291572571,"Loaded2013-2016"
"2016-07-04 10:11","POAS31-RT33","function","LoadAQHI",1.4490180015564,"Loaded2013-2016"
"2016-07-04 10:12","POAS31-RT33","source","default.R",30.8955528736115,NA
"2016-07-04 10:25","POAS31-RT33","function","MultiFileBind",10.9992198944092,"Merged Year2013-2016"
"2016-07-04 10:25","POAS31-RT33","function","LoadAirHour",10.9992198944092,"Loaded2013-2016"
"2016-07-04 10:25","POAS31-RT33","function","LoadAQHI",0.952601909637451,"Loaded2013-2016"
"2016-07-04 10:25","POAS31-RT33","source","default.R",28.7652671337128,NA
"2016-07-04 10:26","POAS31-RT33","function","MultiFileBind",11.5542778968811,"Merged Year2013-2016"
"2016-07-04 10:26","POAS31-RT33","function","LoadAirHour",11.5542778968811,"Loaded2013-2016"
"2016-07-04 10:26","POAS31-RT33","function","LoadAQHI",0.988003969192505,"Loaded2013-2016"
"2016-07-04 10:27","POAS31-RT33","source","default.R",30.4599928855896,NA
"2016-07-04 12:11","POAS31-RT33","function","MultiFileBind",15.6266579627991,"Merged Year2011-2016"
"2016-07-04 12:11","POAS31-RT33","function","LoadAirHour",15.7036590576172,"Loaded2011-2016"
"2016-07-04 12:11","POAS31-RT33","function","LoadAQHI",1.00400400161743,"Loaded2013-2016"
"2016-07-04 12:12","POAS31-RT33","source","default.R",38.276319026947,NA
"2016-07-04 12:21","POAS31-RT33","function","MultiFileBind",17.002289056778,"Merged Year2011-2016"
"2016-07-04 12:21","POAS31-RT33","function","LoadAirHour",17.2068910598755,"Loaded2011-2016"
"2016-07-04 12:21","POAS31-RT33","function","LoadAQHI",0.984802007675171,"Loaded2013-2016"
"2016-07-04 12:21","POAS31-RT33","source","default.R",41.4307539463043,NA
"2016-07-04 14:10","POAS31-RT33","function","MultiFileBind",18.4134650230408,"Merged Year2011-2016"
"2016-07-04 14:10","POAS31-RT33","function","LoadAirHour",18.4446649551392,"Loaded2011-2016"
"2016-07-04 14:10","POAS31-RT33","function","LoadAQHI",2.37620401382446,"Loaded2013-2016"
"2016-07-04 14:10","POAS31-RT33","source","default.R",47.1319680213928,NA
"2016-07-04 14:29","POAS31-RT33","function","MultiFileBind",13.8790481090546,"Merged Year2011-2016"
"2016-07-04 14:29","POAS31-RT33","function","LoadAirHour",13.8790481090546,"Loaded2011-2016"
"2016-07-04 14:29","POAS31-RT33","function","LoadAQHI",2.65500378608704,"Loaded2013-2016"
"2016-07-04 14:30","POAS31-RT33","source","default.R",38.4668929576874,NA
"2016-07-04 14:32","POAS31-RT33","function","MultiFileBind",16.8788340091705,"Merged Year2011-2016"
"2016-07-04 14:32","POAS31-RT33","function","LoadAirHour",16.9298341274261,"Loaded2011-2016"
"2016-07-04 14:32","POAS31-RT33","function","LoadAQHI",0.969202041625977,"Loaded2013-2016"
"2016-07-04 14:32","POAS31-RT33","source","default.R",42.0095691680908,NA
"2016-07-05 10:37","POAS31-RT33","function","MultiFileBind",16.7749600410461,"Merged Year2011-2016"
"2016-07-05 10:37","POAS31-RT33","function","LoadAirHour",16.9549698829651,"Loaded2011-2016"
"2016-07-05 10:37","POAS31-RT33","function","LoadAQHI",0.968055009841919,"Loaded2013-2016"
"2016-07-05 10:38","POAS31-RT33","source","default.R",43.5984938144684,NA
"2016-07-05 10:44","POAS31-RT33","function","MultiFileBind",17.6800110340118,"Merged Year2011-2016"
"2016-07-05 10:44","POAS31-RT33","function","LoadAirHour",17.7070121765137,"Loaded2011-2016"
"2016-07-05 10:44","POAS31-RT33","function","LoadAQHI",0.97105598449707,"Loaded2013-2016"
"2016-07-05 10:45","POAS31-RT33","source","default.R",42.0674061775208,NA
"2016-07-05 10:49","POAS31-RT33","function","MultiFileBind",16.841964006424,"Merged Year2011-2016"
"2016-07-05 10:49","POAS31-RT33","function","LoadAirHour",16.8509640693665,"Loaded2011-2016"
"2016-07-05 10:49","POAS31-RT33","function","LoadAQHI",0.985055923461914,"Loaded2013-2016"
"2016-07-05 10:50","POAS31-RT33","source","default.R",41.0913500785828,NA
"2016-07-05 11:16","POAS31-RT33","function","MultiFileBind",19.0030870437622,"Merged Year2011-2016"
"2016-07-05 11:16","POAS31-RT33","function","LoadAirHour",19.0390889644623,"Loaded2011-2016"
"2016-07-05 11:16","POAS31-RT33","function","LoadAQHI",1.1340651512146,"Loaded2013-2016"
"2016-07-05 11:16","POAS31-RT33","source","default.R",45.0765788555145,NA
"2016-07-05 11:17","POAS31-RT33","function","MultiFileBind",17.4059960842133,"Merged Year2011-2016"
"2016-07-05 11:17","POAS31-RT33","function","LoadAirHour",17.4159970283508,"Loaded2011-2016"
"2016-07-05 11:17","POAS31-RT33","function","LoadAQHI",0.956054925918579,"Loaded2013-2016"
"2016-07-05 11:18","POAS31-RT33","source","default.R",42.3794238567352,NA
"2016-07-05 11:33","POAS31-RT33","function","MultiFileBind",14.3258199691772,"Merged Year2011-2016"
"2016-07-05 11:33","POAS31-RT33","function","LoadAirHour",14.3318200111389,"Loaded2011-2016"
"2016-07-05 11:33","POAS31-RT33","function","LoadAQHI",0.956053972244263,"Loaded2013-2016"
"2016-07-05 11:34","POAS31-RT33","source","default.R",36.1200659275055,NA
"2016-07-05 14:32","POAS31-RT33","function","MultiFileBind",17.061891078949,"Merged Year2011-2016"
"2016-07-05 14:32","POAS31-RT33","function","LoadAirHour",17.0950911045074,"Loaded2011-2016"
"2016-07-05 14:32","POAS31-RT33","function","LoadAQHI",0.982603073120117,"Loaded2013-2016"
"2016-07-05 14:32","POAS31-RT33","source","default.R",41.845782995224,NA
"2016-07-05 16:48","POAS31-RT33","function","MultiFileBind",27.404648065567,"Merged Year2011-2016"
"2016-07-05 16:48","POAS31-RT33","function","LoadAirHour",28.6380507946014,"Loaded2011-2016"
"2016-07-05 16:48","POAS31-RT33","function","LoadAQHI",5.38601016998291,"Loaded2013-2016"
"2016-07-05 16:48","POAS31-RT33","source","default.R",1.28758311669032,NA
"2016-07-06 10:20","POAS31-RT33","function","MultiFileBind",17.2589869499207,"Merged Year2011-2016"
"2016-07-06 10:20","POAS31-RT33","function","LoadAirHour",17.4699988365173,"Loaded2011-2016"
"2016-07-06 10:20","POAS31-RT33","function","LoadAQHI",0.969054937362671,"Loaded2013-2016"
"2016-07-06 10:21","POAS31-RT33","source","default.R",41.8103919029236,NA
"2016-07-06 11:21","POAS31-RT33","function","MultiFileBind",14.6878402233124,"Merged Year2011-2016"
"2016-07-06 11:21","POAS31-RT33","function","LoadAirHour",14.7948458194733,"Loaded2011-2016"
"2016-07-06 11:21","POAS31-RT33","function","LoadAQHI",1.05906009674072,"Loaded2013-2016"
"2016-07-06 11:21","POAS31-RT33","source","default.R",37.7861618995667,NA
"2016-07-06 16:17","POAS31-RT33","function","MultiFileBind",16.5309448242188,"Merged Year2011-2016"
"2016-07-06 16:17","POAS31-RT33","function","LoadAirHour",16.6299510002136,"Loaded2011-2016"
"2016-07-06 16:17","POAS31-RT33","function","LoadAQHI",1.03705906867981,"Loaded2013-2016"
"2016-07-06 16:17","POAS31-RT33","source","default.R",39.290246963501,NA
"2016-07-07 14:45","POAS31-RT33","function","MultiFileBind",16.6360337734222,"Merged Year2011-2016"
"2016-07-07 14:45","POAS31-RT33","function","LoadAirHour",16.6716341972351,"Loaded2011-2016"
"2016-07-07 14:45","POAS31-RT33","function","LoadAQHI",1.78040313720703,"Loaded2013-2016"
"2016-07-07 14:46","POAS31-RT33","source","default.R",43.4666969776154,NA
"2016-07-07 17:24","POAS31-RT33","function","MultiFileBind",16.4832849502563,"Merged Year2011-2016"
"2016-07-07 17:24","POAS31-RT33","function","LoadAirHour",16.5980889797211,"Loaded2011-2016"
"2016-07-07 17:24","POAS31-RT33","function","LoadAQHI",1.1078040599823,"Loaded2013-2016"
"2016-07-07 17:24","POAS31-RT33","source","default.R",43.7642540931702,NA
"2016-07-08 11:10","POAS31-RT33","function","MultiFileBind",18.5170590877533,"Merged Year2011-2016"
"2016-07-08 11:10","POAS31-RT33","function","LoadAirHour",19.1720969676971,"Loaded2011-2016"
"2016-07-08 11:10","POAS31-RT33","function","LoadAQHI",1.15406584739685,"Loaded2013-2016"
"2016-07-08 11:11","POAS31-RT33","source","default.R",47.2297010421753,NA
"2016-07-08 16:08","POAS31-RT33","function","MultiFileBind",16.9986720085144,"Merged Year2011-2016"
"2016-07-08 16:08","POAS31-RT33","function","LoadAirHour",17.0916728973389,"Loaded2011-2016"
"2016-07-08 16:08","POAS31-RT33","function","LoadAQHI",1.01600193977356,"Loaded2013-2016"
"2016-07-08 16:09","POAS31-RT33","source","default.R",42.8744838237762,NA
"2016-07-08 16:13","POAS31-RT33","function","MultiFileBind",14.4478449821472,"Merged Year2011-2016"
"2016-07-08 16:13","POAS31-RT33","function","LoadAirHour",14.4478449821472,"Loaded2011-2016"
"2016-07-08 16:13","POAS31-RT33","function","LoadAQHI",1.00040197372437,"Loaded2013-2016"
"2016-07-08 16:14","POAS31-RT33","source","default.R",37.3738889694214,NA
"2016-07-08 16:16","POAS31-RT33","function","MultiFileBind",17.7073850631714,"Merged Year2011-2016"
"2016-07-08 16:16","POAS31-RT33","function","LoadAirHour",17.7229850292206,"Loaded2011-2016"
"2016-07-08 16:16","POAS31-RT33","function","LoadAQHI",1.06040501594543,"Loaded2013-2016"
"2016-07-08 16:17","POAS31-RT33","source","default.R",43.20281291008,NA
"2016-07-09 11:57","PONG-PC","function","MultiFileBind",17.3444650173187,"Merged Year2011-2016"
"2016-07-09 11:57","PONG-PC","function","LoadAirHour",17.3584640026093,"Loaded2011-2016"
"2016-07-09 11:57","PONG-PC","function","LoadAQHI",0.912601947784424,"Loaded2013-2016"
"2016-07-09 11:57","PONG-PC","source","default.R",44.9939382076263,NA
"2016-07-11 10:37","POAS31-RT33","function","MultiFileBind",17.1819829940796,"Merged Year2011-2016"
"2016-07-11 10:37","POAS31-RT33","function","LoadAirHour",17.2019839286804,"Loaded2011-2016"
"2016-07-11 10:37","POAS31-RT33","function","LoadAQHI",1.00305819511414,"Loaded2013-2016"
"2016-07-11 10:37","POAS31-RT33","source","default.R",43.6234951019287,NA
"2016-07-11 17:06","POAS31-RT33","function","MultiFileBind",19.3311049938202,"Merged Year2011-2016"
"2016-07-11 17:06","POAS31-RT33","function","LoadAirHour",19.4791140556335,"Loaded2011-2016"
"2016-07-11 17:06","POAS31-RT33","function","LoadAQHI",1.31907486915588,"Loaded2013-2016"
"2016-07-11 17:06","POAS31-RT33","source","default.R",45.914626121521,NA
"2016-07-14 12:05","POAS31-RT33","function","MultiFileBind",18.7140700817108,"Merged Year2011-2016"
"2016-07-14 12:05","POAS31-RT33","function","LoadAirHour",21.1732110977173,"Loaded2011-2016"
"2016-07-14 12:06","POAS31-RT33","function","LoadAQHI",1.3540780544281,"Loaded2013-2016"
"2016-07-14 12:06","POAS31-RT33","source","default.R",52.5200040340424,NA
"2016-07-14 14:34","POAS31-RT33","function","MultiFileBind",17.6390089988708,"Merged Year2011-2016"
"2016-07-14 14:34","POAS31-RT33","function","LoadAirHour",17.7830169200897,"Loaded2011-2016"
"2016-07-14 14:35","POAS31-RT33","function","LoadAQHI",1.03005909919739,"Loaded2013-2016"
"2016-07-14 14:35","POAS31-RT33","source","default.R",41.8053908348083,NA
"2016-07-14 14:42","POAS31-RT33","function","MultiFileBind",14.7578439712524,"Merged Year2011-2016"
"2016-07-14 14:42","POAS31-RT33","function","LoadAirHour",14.7748448848724,"Loaded2011-2016"
"2016-07-14 14:42","POAS31-RT33","function","LoadAQHI",0.965054988861084,"Loaded2013-2016"
"2016-07-14 14:42","POAS31-RT33","source","default.R",37.1391248703003,NA
"2016-07-14 16:45","POAS31-RT33","function","MultiFileBind",16.8838369846344,"Merged Year2011-2016"
"2016-07-14 16:45","POAS31-RT33","function","LoadAirHour",17.0866379737854,"Loaded2011-2016"
"2016-07-14 16:45","POAS31-RT33","function","LoadAQHI",0.988203048706055,"Loaded2013-2016"
"2016-07-14 16:46","POAS31-RT33","source","default.R",41.1911029815674,NA
"2016-07-15 10:48","POAS31-RT33","function","MultiFileBind",15.3008749485016,"Merged Year2011-2016"
"2016-07-15 10:48","POAS31-RT33","function","LoadAirHour",15.4218819141388,"Loaded2011-2016"
"2016-07-15 10:48","POAS31-RT33","function","LoadAQHI",1.71509790420532,"Loaded2013-2016"
"2016-07-15 10:49","POAS31-RT33","source","default.R",41.9393990039825,NA
"2016-07-15 11:28","POAS31-RT33","function","MultiFileBind",17.8090181350708,"Merged Year2011-2016"
"2016-07-15 11:29","POAS31-RT33","function","LoadAirHour",20.6991839408875,"Loaded2011-2016"
"2016-07-15 11:29","POAS31-RT33","function","LoadAQHI",1.07706117630005,"Loaded2013-2016"
"2016-07-15 11:29","POAS31-RT33","source","default.R",47.5027170181274,NA
"2016-07-18 14:58","POAS31-RT33","function","MultiFileBind",21.3682219982147,"Merged Year2011-2016"
"2016-07-18 14:58","POAS31-RT33","function","LoadAirHour",21.4922289848328,"Loaded2011-2016"
"2016-07-18 14:58","POAS31-RT33","function","LoadAQHI",1.38207912445068,"Loaded2013-2016"
"2016-07-18 14:59","POAS31-RT33","source","default.R",51.9939739704132,NA
"2016-07-18 15:18","POAS31-RT33","function","MultiFileBind",17.6720111370087,"Merged Year2011-2016"
"2016-07-18 15:18","POAS31-RT33","function","LoadAirHour",17.8400211334229,"Loaded2011-2016"
"2016-07-18 15:19","POAS31-RT33","function","LoadAQHI",1.04706001281738,"Loaded2013-2016"
"2016-07-18 15:19","POAS31-RT33","source","default.R",42.6964421272278,NA
"2016-07-18 15:29","POAS31-RT33","function","MultiFileBind",28.1738519668579,"Merged Year2011-2016"
"2016-07-18 15:29","POAS31-RT33","function","LoadAirHour",28.440052986145,"Loaded2011-2016"
"2016-07-18 15:29","POAS31-RT33","function","LoadAQHI",1.15540194511414,"Loaded2013-2016"
"2016-07-18 15:29","POAS31-RT33","source","default.R",1.23989930152893,NA
"2016-07-19 09:24","POAS31-RT33","function","MultiFileBind",18.6490669250488,"Merged Year2011-2016"
"2016-07-19 09:24","POAS31-RT33","function","LoadAirHour",22.5512897968292,"Loaded2011-2016"
"2016-07-19 09:24","POAS31-RT33","function","LoadAQHI",1.07006096839905,"Loaded2013-2016"
"2016-07-19 09:24","POAS31-RT33","source","default.R",49.0488049983978,NA
"2016-07-19 10:52","POAS31-RT33","function","MultiFileBind",16.0409171581268,"Merged Year2011-2016"
"2016-07-19 10:52","POAS31-RT33","function","LoadAirHour",16.1259219646454,"Loaded2011-2016"
"2016-07-19 10:52","POAS31-RT33","function","LoadAQHI",1.07306098937988,"Loaded2013-2016"
"2016-07-19 10:52","POAS31-RT33","source","default.R",38.2211859226227,NA
"2016-07-19 14:40","POAS31-RT33","function","MultiFileBind",28.9496560096741,"Merged Year2009-2016"
"2016-07-19 14:40","POAS31-RT33","function","LoadAirHour",31.3237919807434,"Loaded2009-2016"
"2016-07-19 14:40","POAS31-RT33","function","LoadAQHI",1.07706093788147,"Loaded2013-2016"
"2016-07-19 14:41","POAS31-RT33","source","default.R",1.13421488205592,NA
"2016-07-19 15:26","POAS31-RT33","function","MultiFileBind",37.4781432151794,"Merged Year2004-2016"
"2016-07-19 15:26","POAS31-RT33","function","LoadAirHour",37.8351640701294,"Loaded2004-2016"
"2016-07-19 15:27","POAS31-RT33","function","LoadAQHI",1.22707009315491,"Loaded2013-2016"
"2016-07-19 15:27","POAS31-RT33","source","default.R",1.38452918132146,NA
"2016-07-19 16:44","POAS31-RT33","function","MultiFileBind",32.3390600681305,"Merged Year2011-2016"
"2016-07-19 16:44","POAS31-RT33","function","LoadAirHour",32.8246610164642,"Loaded2011-2016"
"2016-07-19 16:45","POAS31-RT33","function","LoadAQHI",14.7042257785797,"Loaded2013-2016"
"2016-07-19 16:45","POAS31-RT33","source","default.R",1.18354938427607,NA
"2016-07-19 16:52","POAS31-RT33","function","MultiFileBind",4.03502416610718,"Merged Year2015-2016"
"2016-07-19 16:52","POAS31-RT33","function","LoadAirHour",4.05062413215637,"Loaded2015-2016"
"2016-07-19 16:52","POAS31-RT33","function","LoadAQHI",2.03200387954712,"Loaded2013-2016"
"2016-07-19 16:52","POAS31-RT33","source","default.R",15.7262551784515,NA
"2016-07-19 17:11","POAS31-RT33","function","MultiFileBind",3.97442007064819,"Merged Year2015-2016"
"2016-07-19 17:11","POAS31-RT33","function","LoadAirHour",3.97442007064819,"Loaded2015-2016"
"2016-07-19 17:11","POAS31-RT33","function","LoadAQHI",1.0336058139801,"Loaded2013-2020"
"2016-07-19 17:11","POAS31-RT33","source","default.R",13.911285161972,NA
"2016-07-19 17:12","POAS31-RT33","function","MultiFileBind",4.32262206077576,"Merged Year2015-2016"
"2016-07-19 17:12","POAS31-RT33","function","LoadAirHour",4.33822202682495,"Loaded2015-2016"
"2016-07-19 17:12","POAS31-RT33","function","LoadAQHI",1.00140118598938,"Loaded2013-2020"
"2016-07-19 17:12","POAS31-RT33","source","default.R",14.4680790901184,NA
"2016-07-19 17:19","POAS31-RT33","function","MultiFileBind",3.86262202262878,"Merged Year2015-2016"
"2016-07-19 17:19","POAS31-RT33","function","LoadAirHour",3.87822198867798,"Loaded2015-2016"
"2016-07-19 17:19","POAS31-RT33","function","LoadAQHI",1.030601978302,"Loaded2013-2020"
"2016-07-19 17:19","POAS31-RT33","source","default.R",13.6578390598297,NA
"2016-07-19 17:25","POAS31-RT33","function","MultiFileBind",4.6598219871521,"Merged Year2015-2016"
"2016-07-19 17:25","POAS31-RT33","function","LoadAirHour",4.67542195320129,"Loaded2015-2016"
"2016-07-19 17:25","POAS31-RT33","function","LoadAQHI",1.07940196990967,"Loaded2013-2020"
"2016-07-19 17:25","POAS31-RT33","source","default.R",15.7834520339966,NA
"2016-07-19 17:26","POAS31-RT33","function","MultiFileBind",5.68481087684631,"Merged Year2015-2016"
"2016-07-19 17:26","POAS31-RT33","function","LoadAirHour",5.7160108089447,"Loaded2015-2016"
"2016-07-19 17:26","POAS31-RT33","function","LoadAQHI",1.054603099823,"Loaded2013-2020"
"2016-07-19 17:26","POAS31-RT33","source","default.R",19.5774700641632,NA
"2016-07-19 17:27","POAS31-RT33","function","MultiFileBind",4.44022297859192,"Merged Year2015-2016"
"2016-07-19 17:27","POAS31-RT33","function","LoadAirHour",4.45582318305969,"Loaded2015-2016"
"2016-07-19 17:27","POAS31-RT33","function","LoadAQHI",1.06480193138123,"Loaded2013-2020"
"2016-07-19 17:27","POAS31-RT33","source","default.R",14.9458441734314,NA
"2016-07-19 17:28","POAS31-RT33","function","MultiFileBind",4.47562193870544,"Merged Year2015-2016"
"2016-07-19 17:28","POAS31-RT33","function","LoadAirHour",4.49122214317322,"Loaded2015-2016"
"2016-07-19 17:28","POAS31-RT33","function","LoadAQHI",1.01700186729431,"Loaded2013-2020"
"2016-07-19 17:28","POAS31-RT33","source","default.R",14.7614409923553,NA
"2016-07-20 10:16","POAS31-RT33","function","MultiFileBind",4.7662718296051,"Merged Year2015-2016"
"2016-07-20 10:16","POAS31-RT33","function","LoadAirHour",4.80127382278442,"Loaded2015-2016"
"2016-07-20 10:16","POAS31-RT33","function","LoadAQHI",1.59209108352661,"Loaded2013-2020"
"2016-07-20 10:16","POAS31-RT33","source","default.R",18.2330429553986,NA
"2016-07-20 10:22","POAS31-RT33","function","LoadAQHI",1.03705906867981,"Loaded2013-2020"
"2016-07-20 10:23","POAS31-RT33","function","LoadAQHI",1.07606101036072,"Loaded2015-2016"
"2016-07-20 10:24","POAS31-RT33","function","LoadAQHI",1.07906103134155,"Loaded2015-2016"
"2016-07-20 10:24","POAS31-RT33","function","LoadAQHI",1.00805687904358,"Loaded2015-2016"
"2016-07-20 10:26","POAS31-RT33","function","LoadAQHI",1.12506413459778,"Loaded2015-2016"
"2016-07-20 12:17","POAS31-RT33","function","MultiFileBind",45.7866189479828,"Merged Year2004-2016"
"2016-07-20 12:17","POAS31-RT33","function","LoadAirHour",47.4477140903473,"Loaded2004-2016"
"2016-07-20 12:17","POAS31-RT33","function","LoadAQHI",1.01405787467957,"Loaded2013-2020"
"2016-07-20 12:18","POAS31-RT33","source","default.R",1.54772185087204,NA
"2016-07-20 21:56","PONG-PC","function","MultiFileBind",15.3962960243225,"Merged Year2010-2016"
"2016-07-20 21:56","PONG-PC","function","LoadAirHour",15.4103050231934,"Loaded2010-2016"
"2016-07-20 22:12","PONG-PC","function","MultiFileBind",16.5130450725555,"Merged Year2010-2016"
"2016-07-20 22:12","PONG-PC","function","LoadAirHour",16.5210480690002,"Loaded2010-2016"
"2016-07-20 22:44","PONG-PC","function","MultiFileBind",5.56972479820251,"Merged Year2015-2016"
"2016-07-20 22:44","PONG-PC","function","LoadAirHour",5.73583388328552,"Loaded2015-2016"
"2016-07-20 22:44","PONG-PC","function","LoadAQHI",0.911607980728149,"Loaded2013-2020"
"2016-07-20 22:44","PONG-PC","source","default.R",20.1865129470825,NA
"2016-07-21 09:59","POAS31-RT33","function","MultiFileBind",21.0196559429169,"Merged Year2010-2016"
"2016-07-21 09:59","POAS31-RT33","function","LoadAirHour",21.2088561058044,"Loaded2010-2016"
"2016-07-21 11:34","POAS31-RT33","function","MultiFileBind",4.54126000404358,"Merged Year2015-2016"
"2016-07-21 11:34","POAS31-RT33","function","LoadAirHour",4.59126305580139,"Loaded2015-2016"
"2016-07-21 11:34","POAS31-RT33","function","LoadAQHI",1.16006708145142,"Loaded2013-2020"
"2016-07-21 11:35","POAS31-RT33","source","default.R",17.2049839496613,NA
"2016-07-22 14:48","POAS31-RT33","function","MultiFileBind",40.3723089694977,"Merged Year2004-2016"
"2016-07-22 14:48","POAS31-RT33","function","LoadAirHour",41.4353699684143,"Loaded2004-2016"
"2016-07-22 14:48","POAS31-RT33","function","LoadAQHI",2.44713997840881,"Loaded2013-2020"
"2016-07-22 14:49","POAS31-RT33","function","MultiFileBind",3.91022300720215,"Merged Year2015-2016"
"2016-07-22 14:49","POAS31-RT33","function","LoadAirHour",3.92022395133972,"Loaded2015-2016"
"2016-07-22 14:49","POAS31-RT33","function","LoadAQHI",0.985056161880493,"Loaded2013-2020"
"2016-07-22 14:49","POAS31-RT33","source","default.R",13.7777879238129,NA
"2016-07-22 17:27","POAS31-RT33","function","MultiFileBind",5.14629507064819,"Merged Year2015-2016"
"2016-07-22 17:27","POAS31-RT33","function","LoadAirHour",5.19929790496826,"Loaded2015-2016"
"2016-07-22 17:27","POAS31-RT33","function","LoadAQHI",1.17706704139709,"Loaded2013-2020"
"2016-07-22 17:27","POAS31-RT33","source","default.R",16.0419170856476,NA
"2016-07-25 10:42","POAS31-RT33","function","MultiFileBind",5.2746148109436,"Merged Year2015-2016"
"2016-07-25 10:42","POAS31-RT33","function","LoadAirHour",5.41641592979431,"Loaded2015-2016"
"2016-07-25 10:42","POAS31-RT33","function","LoadAQHI",1.11160278320312,"Loaded2013-2020"
"2016-07-25 10:42","POAS31-RT33","source","default.R",18.5441179275513,NA
"2016-07-25 11:46","POAS31-RT33","function","MultiFileBind",19.5458521842957,"Merged Year2010-2016"
"2016-07-25 11:46","POAS31-RT33","function","LoadAirHour",19.5926520824432,"Loaded2010-2016"
"2016-07-25 11:50","POAS31-RT33","function","MultiFileBind",16.4642448425293,"Merged Year2010-2016"
"2016-07-25 11:50","POAS31-RT33","function","LoadAirHour",16.4798448085785,"Loaded2010-2016"
"2016-07-25 12:03","POAS31-RT33","function","MultiFileBind",17.1754529476166,"Merged Year2010-2016"
"2016-07-25 12:03","POAS31-RT33","function","LoadAirHour",17.1910529136658,"Loaded2010-2016"
"2016-07-25 13:58","POAS31-RT33","function","MultiFileBind",18.8940808773041,"Merged Year2010-2016"
"2016-07-25 13:58","POAS31-RT33","function","LoadAirHour",18.940083026886,"Loaded2010-2016"
"2016-07-25 14:24","POAS31-RT33","function","MultiFileBind",16.1659250259399,"Merged Year2010-2016"
"2016-07-25 14:24","POAS31-RT33","function","LoadAirHour",16.1749250888824,"Loaded2010-2016"
"2016-07-25 21:59","PONG-PC","function","MultiFileBind",13.8452520370483,"Merged Year2012-2016"
"2016-07-25 21:59","PONG-PC","function","LoadAirHour",13.8612489700317,"Loaded2012-2016"
"2016-07-25 21:59","PONG-PC","function","LoadAQHI",0.897603988647461,"Loaded2013-2020"
"2016-07-25 21:59","PONG-PC","source","default.R",39.8411910533905,NA
"2016-07-26 16:55","POAS31-RT33","function","MultiFileBind",2.69615387916565,"Merged Year2014-2014"
"2016-07-26 16:55","POAS31-RT33","function","LoadAirHour",2.73315620422363,"Loaded2014-2014"
"2016-07-26 16:56","POAS31-RT33","function","MultiFileBind",8.5414891242981,"Merged Year2013-2015"
"2016-07-26 16:56","POAS31-RT33","function","LoadAirHour",8.55948996543884,"Loaded2013-2015"
"2016-07-26 16:57","POAS31-RT33","function","MultiFileBind",2.41613793373108,"Merged Year2014-2014"
"2016-07-26 16:57","POAS31-RT33","function","LoadAirHour",2.42613792419434,"Loaded2014-2014"
"2016-07-26 17:01","POAS31-RT33","function","MultiFileBind",7.41342401504517,"Merged Year2013-2015"
"2016-07-26 17:01","POAS31-RT33","function","LoadAirHour",7.42242503166199,"Loaded2013-2015"
"2016-07-26 17:01","POAS31-RT33","function","MultiFileBind",7.29641699790955,"Merged Year2013-2015"
"2016-07-26 17:01","POAS31-RT33","function","LoadAirHour",7.31441783905029,"Loaded2013-2015"
"2016-07-26 17:03","POAS31-RT33","function","MultiFileBind",7.52143096923828,"Merged Year2013-2015"
"2016-07-26 17:03","POAS31-RT33","function","LoadAirHour",7.53743195533752,"Loaded2013-2015"
"2016-07-26 17:03","POAS31-RT33","function","MultiFileBind",7.45042586326599,"Merged Year2013-2015"
"2016-07-26 17:03","POAS31-RT33","function","LoadAirHour",7.46242690086365,"Loaded2013-2015"
"2016-07-26 17:04","POAS31-RT33","function","MultiFileBind",7.56543278694153,"Merged Year2013-2015"
"2016-07-26 17:04","POAS31-RT33","function","LoadAirHour",7.57943391799927,"Loaded2013-2015"
"2016-07-27 14:24","POAS31-RT33","function","MultiFileBind",5.45031213760376,"Merged Year2015-2016"
"2016-07-27 14:24","POAS31-RT33","function","LoadAirHour",5.49531412124634,"Loaded2015-2016"
"2016-07-27 14:24","POAS31-RT33","function","LoadAQHI",1.13106393814087,"Loaded2013-2020"
"2016-07-27 14:24","POAS31-RT33","source","default.R",17.0289740562439,NA
"2016-07-27 15:09","POAS31-RT33","function","MultiFileBind",7.30141806602478,"Merged Year2014-2016"
"2016-07-27 15:09","POAS31-RT33","function","LoadAirHour",7.31341910362244,"Loaded2014-2016"
"2016-07-27 15:09","POAS31-RT33","function","LoadAQHI",1.00405693054199,"Loaded2013-2020"
"2016-07-27 15:09","POAS31-RT33","source","default.R",19.4601130485535,NA
"2016-07-27 15:10","POAS31-RT33","function","MultiFileBind",6.68638300895691,"Merged Year2014-2016"
"2016-07-27 15:10","POAS31-RT33","function","LoadAirHour",6.6973831653595,"Loaded2014-2016"
"2016-07-27 15:10","POAS31-RT33","function","LoadAQHI",1.0430600643158,"Loaded2013-2020"
"2016-07-27 15:10","POAS31-RT33","source","default.R",18.6340651512146,NA
"2016-07-27 16:03","POAS31-RT33","function","MultiFileBind",28.8756520748138,"Merged Year2010-2016"
"2016-07-27 16:03","POAS31-RT33","function","LoadAirHour",29.3316781520844,"Loaded2010-2016"
"2016-07-27 16:03","POAS31-RT33","function","LoadAQHI",3.1121780872345,"Loaded2013-2020"
"2016-07-27 16:03","POAS31-RT33","source","default.R",58.7613608837128,NA
"2016-07-28 16:55","POAS31-RT33","function","LoadAQHI",1.44108295440674,"Loaded2013-2020"
"2016-07-28 16:55","POAS31-RT33","source","default.R",8.34547710418701,NA
"2016-07-28 17:06","POAS31-RT33","function","LoadAQHI",1.12206411361694,"Loaded2013-2020"
"2016-07-28 17:06","POAS31-RT33","source","default.R",4.41325211524963,NA
"2016-07-28 17:06","POAS31-RT33","function","LoadAQHI",1.03205919265747,"Loaded2013-2020"
"2016-07-28 17:06","POAS31-RT33","source","default.R",4.07723379135132,NA
"2016-07-28 17:12","POAS31-RT33","function","LoadAQHI",1.07206106185913,"Loaded2013-2020"
"2016-07-28 17:16","POAS31-RT33","function","LoadAQHI",1.05306005477905,"Loaded2013-2020"
"2016-07-28 17:16","POAS31-RT33","function","LoadAQHI",1.03505897521973,"Loaded2013-2020"
"2016-07-28 17:19","POAS31-RT33","function","LoadAQHI",1.04905986785889,"Loaded2013-2020"
"2016-07-28 17:20","POAS31-RT33","function","LoadAQHI",1.28507399559021,"Loaded2013-2020"
"2016-07-28 17:20","POAS31-RT33","source","default.R",9.70355486869812,NA
"2016-07-28 17:21","POAS31-RT33","function","LoadAQHI",1.29007315635681,"Loaded2013-2020"
"2016-07-28 17:21","POAS31-RT33","source","default.R",7.16640996932983,NA
"2016-07-28 17:23","POAS31-RT33","function","LoadAQHI",1.29707407951355,"Loaded2013-2020"
"2016-07-28 17:23","POAS31-RT33","source","default.R",6.53637409210205,NA
"2016-07-28 17:28","POAS31-RT33","function","LoadAQHI",1.19406890869141,"Loaded2013-2020"
"2016-07-28 17:28","POAS31-RT33","source","default.R",4.42825293540955,NA
"2016-07-28 17:29","POAS31-RT33","function","LoadAQHI",1.0280590057373,"Loaded2013-2020"
"2016-07-28 17:29","POAS31-RT33","source","default.R",4.17123818397522,NA
"2016-08-01 10:57","POAS31-RT33","function","MultiFileBind",5.64332294464111,"Merged Year2015-2016"
"2016-08-01 10:57","POAS31-RT33","function","LoadAirHour",5.73532795906067,"Loaded2015-2016"
"2016-08-01 11:05","POAS31-RT33","function","MultiFileBind",5.65932393074036,"Merged Year2015-2016"
"2016-08-01 11:05","POAS31-RT33","function","LoadAirHour",5.81633281707764,"Loaded2015-2016"
"2016-08-01 11:08","POAS31-RT33","function","MultiFileBind",4.37425112724304,"Merged Year2015-2016"
"2016-08-01 11:08","POAS31-RT33","function","LoadAirHour",4.38525104522705,"Loaded2015-2016"
"2016-08-01 11:28","POAS31-RT33","function","MultiFileBind",4.51625919342041,"Merged Year2015-2016"
"2016-08-01 11:28","POAS31-RT33","function","LoadAirHour",4.5292592048645,"Loaded2015-2016"
"2016-08-01 11:29","POAS31-RT33","function","MultiFileBind",4.4662549495697,"Merged Year2015-2016"
"2016-08-01 11:29","POAS31-RT33","function","LoadAirHour",4.48025584220886,"Loaded2015-2016"
"2016-08-01 11:44","POAS31-RT33","function","MultiFileBind",5.18929696083069,"Merged Year2015-2016"
"2016-08-01 11:44","POAS31-RT33","function","LoadAirHour",5.21329808235168,"Loaded2015-2016"
"2016-08-01 11:49","POAS31-RT33","function","MultiFileBind",4.33324790000916,"Merged Year2015-2016"
"2016-08-01 11:49","POAS31-RT33","function","LoadAirHour",4.34524893760681,"Loaded2015-2016"
"2016-08-01 11:52","POAS31-RT33","function","MultiFileBind",4.45125508308411,"Merged Year2015-2016"
"2016-08-01 11:52","POAS31-RT33","function","LoadAirHour",4.46525597572327,"Loaded2015-2016"
"2016-08-01 12:00","POAS31-RT33","function","MultiFileBind",4.55426096916199,"Merged Year2015-2016"
"2016-08-01 12:00","POAS31-RT33","function","LoadAirHour",4.5762619972229,"Loaded2015-2016"
"2016-08-01 12:05","POAS31-RT33","function","MultiFileBind",1.66909599304199,"Merged Year2016-2016"
"2016-08-01 12:05","POAS31-RT33","function","LoadAirHour",1.68509602546692,"Loaded2016-2016"
"2016-08-01 12:05","POAS31-RT33","function","MultiFileBind",1.4770839214325,"Merged Year2016-2016"
"2016-08-01 12:05","POAS31-RT33","function","LoadAirHour",1.48908495903015,"Loaded2016-2016"
"2016-08-01 12:06","POAS31-RT33","function","MultiFileBind",1.48408508300781,"Merged Year2016-2016"
"2016-08-01 12:06","POAS31-RT33","function","LoadAirHour",1.52608704566956,"Loaded2016-2016"
"2016-08-01 17:30","POAS31-RT33","function","MultiFileBind",25.665079832077,"Merged Year2015-2016"
"2016-08-01 17:30","POAS31-RT33","function","LoadAirHour",25.8742821216583,"Loaded2015-2016"
"2016-08-01 17:30","POAS31-RT33","function","MultiFileBind",4.4584219455719,"Merged Year2015-2016"
"2016-08-01 17:30","POAS31-RT33","function","LoadAirHour",4.47402191162109,"Loaded2015-2016"
"2016-08-02 11:05","PONG-PC","function","MultiFileBind",7.66912221908569,"Merged Year2015-2016"
"2016-08-02 11:05","PONG-PC","function","LoadAirHour",7.68413305282593,"Loaded2015-2016"
"2016-08-02 11:06","PONG-PC","function","MultiFileBind",6.93663311004639,"Merged Year2015-2016"
"2016-08-02 11:06","PONG-PC","function","LoadAirHour",6.95064210891724,"Loaded2015-2016"
"2016-08-02 11:08","PONG-PC","function","MultiFileBind",4.29586911201477,"Merged Year2015-2016"
"2016-08-02 11:08","PONG-PC","function","LoadAirHour",4.3058750629425,"Loaded2015-2016"
"2016-08-02 11:10","PONG-PC","function","MultiFileBind",4.65511894226074,"Merged Year2015-2016"
"2016-08-02 11:10","PONG-PC","function","LoadAirHour",4.66611695289612,"Loaded2015-2016"
"2016-08-02 11:11","PONG-PC","function","MultiFileBind",4.24582695960999,"Merged Year2015-2016"
"2016-08-02 11:11","PONG-PC","function","LoadAirHour",4.25684309005737,"Loaded2015-2016"
"2016-08-02 11:11","PONG-PC","function","MultiFileBind",4.44396901130676,"Merged Year2015-2016"
"2016-08-02 11:11","PONG-PC","function","LoadAirHour",4.45497608184814,"Loaded2015-2016"
"2016-08-02 11:13","PONG-PC","function","MultiFileBind",4.53302907943726,"Merged Year2015-2016"
"2016-08-02 11:13","PONG-PC","function","LoadAirHour",4.54304194450378,"Loaded2015-2016"
"2016-08-02 11:13","PONG-PC","function","MultiFileBind",4.2958710193634,"Merged Year2015-2016"
"2016-08-02 11:13","PONG-PC","function","LoadAirHour",4.30587601661682,"Loaded2015-2016"
"2016-08-02 11:14","PONG-PC","function","MultiFileBind",6.63844203948975,"Merged Year2015-2016"
"2016-08-02 11:14","PONG-PC","function","LoadAirHour",6.65244317054749,"Loaded2015-2016"
"2016-08-02 11:15","PONG-PC","function","MultiFileBind",4.67612099647522,"Merged Year2015-2016"
"2016-08-02 11:15","PONG-PC","function","LoadAirHour",4.68612098693848,"Loaded2015-2016"
"2016-08-02 15:24","POAS31-RT33","function","MultiFileBind",7.66943907737732,"Merged Year2014-2016"
"2016-08-02 15:24","POAS31-RT33","function","LoadAirHour",7.69743990898132,"Loaded2014-2016"
"2016-08-02 15:25","POAS31-RT33","function","LoadAQHI",1.1620659828186,"Loaded2014-2016"
"2016-08-02 15:29","POAS31-RT33","function","MultiFileBind",14.6128358840942,"Merged Year2014-2016"
"2016-08-02 15:29","POAS31-RT33","function","LoadAirHour",14.7148418426514,"Loaded2014-2016"
"2016-08-02 15:29","POAS31-RT33","function","LoadAQHI",2.23212695121765,"Loaded2013-2020"
"2016-08-02 15:29","POAS31-RT33","source","default.R",28.2936189174652,NA
"2016-08-02 16:03","POAS31-RT33","function","MultiFileBind",6.29822587966919,"Merged Year2014-2016"
"2016-08-02 16:03","POAS31-RT33","function","LoadAirHour",6.31382608413696,"Loaded2014-2016"
"2016-08-02 16:55","POAS31-RT33","function","MultiFileBind",8.25482892990112,"Merged Year2014-2016"
"2016-08-02 16:55","POAS31-RT33","function","LoadAirHour",8.48982882499695,"Loaded2014-2016"
"2016-08-02 17:30","POAS31-RT33","function","MultiFileBind",8.56641507148743,"Merged Year2014-2016"
"2016-08-02 17:30","POAS31-RT33","function","LoadAirHour",8.73901510238647,"Loaded2014-2016"
"2016-08-02 17:30","POAS31-RT33","function","LoadAQHI",1.0462019443512,"Loaded2013-2020"
"2016-08-02 17:30","POAS31-RT33","source","default.R",25.4802629947662,NA
"2016-08-02 21:34","PONG-PC","function","MultiFileBind",8.91790008544922,"Merged Year2014-2016"
"2016-08-02 21:34","PONG-PC","function","LoadAirHour",8.94914102554321,"Loaded2014-2016"
"2016-08-02 21:35","PONG-PC","function","LoadAQHI",0.98119592666626,"Loaded2013-2020"
"2016-08-02 21:35","PONG-PC","source","default.R",28.132257938385,NA
"2016-08-03 14:26","POAS31-RT33","function","MultiFileBind",8.71149778366089,"Merged Year2014-2016"
"2016-08-03 14:26","POAS31-RT33","function","LoadAirHour",8.97051286697388,"Loaded2014-2016"
"2016-08-03 14:26","POAS31-RT33","function","LoadAQHI",1.08806300163269,"Loaded2013-2020"
"2016-08-03 14:26","POAS31-RT33","source","default.R",29.7557020187378,NA
"2016-08-03 14:57","POAS31-RT33","function","MultiFileBind",8.64282393455505,"Merged Year2014-2016"
"2016-08-03 14:57","POAS31-RT33","function","LoadAirHour",8.70522499084473,"Loaded2014-2016"
"2016-08-03 14:57","POAS31-RT33","function","LoadAQHI",1.10100698471069,"Loaded2013-2020"
"2016-08-03 14:57","POAS31-RT33","source","default.R",26.7135071754456,NA
"2016-08-03 15:05","POAS31-RT33","function","MultiFileBind",10.4106318950653,"Merged Year2014-2016"
"2016-08-03 15:05","POAS31-RT33","function","LoadAirHour",10.4760320186615,"Loaded2014-2016"
"2016-08-03 15:06","POAS31-RT33","function","MultiFileBind",7.15022611618042,"Merged Year2014-2016"
"2016-08-03 15:06","POAS31-RT33","function","LoadAirHour",7.15022611618042,"Loaded2014-2016"
"2016-08-03 15:06","POAS31-RT33","function","LoadAQHI",1.11060190200806,"Loaded2013-2020"
"2016-08-03 15:06","POAS31-RT33","source","default.R",19.785649061203,NA
"2016-08-03 15:12","POAS31-RT33","function","MultiFileBind",6.9900369644165,"Merged Year2014-2016"
"2016-08-03 15:12","POAS31-RT33","function","LoadAirHour",7.0056369304657,"Loaded2014-2016"
"2016-08-03 15:12","POAS31-RT33","function","LoadAQHI",1.03360199928284,"Loaded2013-2020"
"2016-08-03 15:12","POAS31-RT33","source","default.R",19.3350598812103,NA
"2016-08-03 15:25","POAS31-RT33","function","MultiFileBind",7.03043103218079,"Merged Year2014-2016"
"2016-08-03 15:25","POAS31-RT33","function","LoadAirHour",7.04603099822998,"Loaded2014-2016"
"2016-08-03 15:25","POAS31-RT33","function","LoadAQHI",0.983802080154419,"Loaded2013-2020"
"2016-08-03 15:26","POAS31-RT33","source","default.R",19.4596569538116,NA
"2016-08-03 15:39","POAS31-RT33","function","MultiFileBind",6.89542818069458,"Merged Year2014-2016"
"2016-08-03 15:39","POAS31-RT33","function","LoadAirHour",6.91102814674377,"Loaded2014-2016"
"2016-08-03 15:39","POAS31-RT33","function","LoadAQHI",1.09700202941895,"Loaded2013-2020"
"2016-08-03 15:39","POAS31-RT33","source","default.R",20.0022530555725,NA
"2016-08-03 21:41","PONG-PC","function","MultiFileBind",2.77585506439209,"Merged Year2015-2015"
"2016-08-03 21:41","PONG-PC","function","LoadAirHour",2.78786206245422,"Loaded2015-2015"
"2016-08-03 21:43","PONG-PC","Nil","Nil",1,"Just Test"
